<?xml version = "1.0" encoding = "UTF-8"?>

<beans xmlns = "http://www.springframework.org/schema/beans"
   xmlns:xsi = "http://www.w3.org/2001/XMLSchema-instance"
   xmlns:context = "http://www.springframework.org/schema/context"
   xsi:schemaLocation = "http://www.springframework.org/schema/beans
   http://www.springframework.org/schema/beans/spring-beans-3.0.xsd
   http://www.springframework.org/schema/context
   http://www.springframework.org/schema/context/spring-context-3.0.xsd">

<context:annotation-config></context:annotation-config>
<context:component-scan base-package="tables.model"></context:component-scan>
</beans>

<!--  <?xml version="1.0" encoding="UTF-8"?>
<!DOCTYPE beans PUBLIC "-//SPRING//DTD BEAN//EN"
"http://www.springframework.org/dtd/spring-beans.dtd">

<beans>
<bean id="tests" class="tables.model.Test_Prices">
<constructor-arg type="String" value="Bone_Test"></constructor-arg>
<constructor-arg type="double" value="1444"></constructor-arg>
</bean>
</beans> -->
