<?xml version="1.0" encoding="UTF-8"?>
<!--
 ~ Hibernate Search, full-text search for your domain model
 ~
 ~ License: GNU Lesser General Public License (LGPL), version 2.1 or later
 ~ See the lgpl.txt file in the root directory or <http://www.gnu.org/licenses/lgpl-2.1.html>.
  -->
<!DOCTYPE hibernate-configuration PUBLIC
        "-//Hibernate/Hibernate Configuration DTD//EN"
        "http://www.hibernate.org/dtd/hibernate-configuration-3.0.dtd">

<hibernate-configuration>
    <session-factory>
        <property name="hibernate.connection.driver_class">oracle.jdbc.driver.OracleDriver</property>
        <property name="hibernate.connection.url">jdbc:oracle:thin:@localhost:1522:XE</property>
        <property name="hibernate.connection.username">system</property>
        <property name="hibernate.connection.password">"root@123"</property>
        
        <!-- JDBC connection pool -->
        <property name ="Connection.pool_size">1</property>
        
        <!-- SQL dialect -->
        <property name="hibernate.dialect">org.hibernate.dialect.OracleDialect</property>
        
        <!-- Disable the second level cache -->
        <property name="cache.provider_class">org.hibernate.cache.NoCacheProvider</property>
        
        <!-- Echo all executed SQL to console -->
        <property name="show_sql">true</property>
        
        <!--Drop and re-create the database schema on startup  -->
        <property name="hbm2ddl.auto">create</property> 
        
        <mapping class="DAY9.model.Employee"/>
     </session-factory>

</hibernate-configuration>
