<beans xmlns="http://www.springframework.org/schema/beans"
    xmlns:xsi="http://www.w3.org/2001/XMLSchema-instance"
    xmlns:aop="http://www.springframework.org/schema/aop"
    xmlns:mvc="http://www.springframework.org/schema/mvc"
    xmlns:context="http://www.springframework.org/schema/context"
    xsi:schemaLocation="http://www.springframework.org/schema/beans http://www.springframework.org/schema/beans/spring-beans-3.2.xsd
                        http://www.springframework.org/schema/aop http://www.springframework.org/schema/aop/spring-aop-3.2.xsd
                        http://www.springframework.org/schema/context http://www.springframework.org/schema/context/spring-context-3.2.xsd
                        http://www.springframework.org/schema/mvc http://www.springframework.org/schema/mvc/spring-mvc-3.2.xsd">

<context:annotation-config></context:annotation-config>
<mvc:annotation-driven></mvc:annotation-driven>
<context:component-scan base-package="com.controllers"></context:component-scan>

<!-- 
<bean id="handler" class="org.springframework.web.servlet.handler.BeanNameUrlHandlerMapping"></bean>
<bean name="/welcome" class="com.controllers.EmployeesController"></bean>    


<bean id="viewResolver" class="org.springframework.web.servlet.view.InternalResourceViewResolver">
	<property name="Prefix" value="/WEB-INF/"></property>
	<property name="suffix" value=".jsp"></property> 
</bean> 
-->
</beans>