<?xml version = "1.0" encoding = "UTF-8"?>

<beans xmlns = "http://www.springframework.org/schema/beans"
   xmlns:xsi = "http://www.w3.org/2001/XMLSchema-instance"
   xmlns:context = "http://www.springframework.org/schema/context"
   xsi:schemaLocation = "http://www.springframework.org/schema/beans
   http://www.springframework.org/schema/beans/spring-beans-3.0.xsd
   http://www.springframework.org/schema/context
   http://www.springframework.org/schema/context/spring-context-3.0.xsd">

<context:annotation-config></context:annotation-config>
<context:component-scan base-package="day11.beans"></context:component-scan>
  
<!--  <bean id="emp1" class="day11.beans.EmployeeAnn" >
<constructor-arg type="String" value="Raj"></constructor-arg>
<constructor-arg type="int" value="1"></constructor-arg>
<constructor-arg type="int" value="50000"></constructor-arg>
</bean>

<bean id="address" class="day11.beans.AddressAnn">
<constructor-arg type="String" value="Baker Street"></constructor-arg>
<constructor-arg type="String" value="Haryana"></constructor-arg>
<constructor-arg type="int" value="122001"></constructor-arg>
</bean>-->


</beans>
